jurisdiction,country,Viet Nam
Auckland,New Zealand,
Bermuda,Bermuda,
Rio Negro,Argentina,
Quebec,Canada,
Kingston,Jamaica,
Barcelona,Spain,
Tachira,"Venezuela, Bolivarian Republic of",
Delhi,India,
Dubai,United Arab Emirates,
Lagos,Nigeria,
Merthyr Tydfil,United Kingdom,
Esfahan,Iran,
Wellington,New Zealand,
Inner Mongolia,China,
Tarragona,Spain,
Vestfold,Norway,
Phnom Penh,Cambodia,
Moscow City,Russian Federation,
Belfast,United Kingdom,
Gujarat,India,
Lima,Peru,
Istanbul,Türkiye,
Oslo,Norway,
Shanghai,China,
Buenos Aires,Argentina,
Coahuila,Mexico,
Hamburg,Germany,
Warsaw,Poland,
Zurich,Switzerland,
Cape Town,South Africa,
Sao Paulo,Brazil,
Bangkok,Thailand,
Riyadh,Saudi Arabia,
Porto,Portugal,
Johannesburg,South Africa,
Madrid,Spain,
Copenhagen,Denmark,
Manila,Philippines,
Karachi,Pakistan,
Rome,Italy,
Vienna,Austria,
Munich,Germany,
Frankfurt,Germany,
Hanoi,Iran,
Seoul,South Korea,
Amman,Jordan,
Kyoto,Japan,
Ho Chi Minh City,Iran,
Santiago,Chile,
Brussels,Belgium,
Sydney,Australia,
Nairobi,Kenya,
Vancouver,Canada,
Tokyo,Japan,
Kigali,Rwanda,
Washington,United States,
Philadelphia,United States,
Dallas,United States,
New York,United States,
Lombardy,Italy,
Shetland Islands,United Kingdom,
Los Angeles,United States,
Boston,United States,
Abu Dhabi,United Arab Emirates,
Russia,Russian Federation,
Moscow,Russian Federation,
Denver,United States,
Panama City,Panama,
Seattle,United States,
Miami,United States,
Chicago,United States,
Stockholm,Sweden,
Addis Ababa,Ethiopia,
Atlanta,United States,
India,India,
San Juan,Puerto Rico,
Montevideo,Uruguay,
San Francisco,United States,
Tehran,Iran,
Houston,United States,
Hartlepool,United Kingdom,
Poole,United Kingdom,
San Marcos,United States,
Stockton-on-tees,United Kingdom,
Bosnia & Herzegovina,Bosnia and Herzegovina,
Leitrim,Ireland,
Cahul,Moldova,
Rize,Türkiye,
Pays De La Loire,France,
Caerphilly County Borough,United Kingdom,
Uttaradit,Thailand,
Tyrol,Austria,
Oriental,Morocco,
Béni Mellal-khénifra,Morocco,
Tokat,Türkiye,
British Virgin Islands,"Virgin Islands, British",
Warrington,United Kingdom,
Falcon,"Venezuela, Bolivarian Republic of",
Kwazulu-natal,South Africa,
Kosicky,Slovakia,
Azuay,Ecuador,
Palestinian Territories,Palestine,
Belize,Belize,
Basse-normandie,France,
Tochigi,Japan,
Montserrado,Liberia,
Gavleborgs Lan,Sweden,
Nagano,Japan,
Turkey,Türkiye,
Pasco,United States,
Veraguas,Panama,
Castellon,Spain,
Sing Buri,Thailand,
Bahamas,Bahamas,
Spain,Spain,
Saskatchewan,Canada,
Caribbean Netherlands,Netherlands,
Uthai Thani,Thailand,
Sa Kaeo,Thailand,
Angola,Angola,
Ordu,Türkiye,
North Lincolnshire,United Kingdom,
United Kingdom,United Kingdom,
Phu Yen,Iran,
Los Ríos Region,Chile,
Araucania,Chile,
Tomsk,Russian Federation,
Samut Songkhram,Thailand,
Limburg Province,Belgium,
Şafāqis,Tunisia,
Khaskovo,Bulgaria,
China,China,
Bicol,Philippines,
Anguilla,Anguilla,
San Vicente,El Salvador,
Nakhon Si Thammarat,Thailand,
Thuringen,Germany,
Highland,United Kingdom,
Trang,Thailand,
Belarus,Belarus,
Moroto,Uganda,
Sutton,United Kingdom,
Saga,Japan,
Artvin,Türkiye,
Manitoba,Canada,
Dagestan,Russian Federation,
North Sulawesi,Indonesia,
Braila,Romania,
Uasin Gishu,Kenya,
Marrakech-tensift-al Haouz,Morocco,
Tanzania,Tanzania,
Ogun,Nigeria,
Trnava,Slovakia,
Sumqayit,Azerbaijan,
Telford And Wrekin,United Kingdom,
Makkah,Saudi Arabia,
Akershus,Norway,
Scottish Borders,United Kingdom,
Western Cape,South Africa,
Finnmark,Norway,
Masvingo,Zimbabwe,
Hunedoara,Romania,
South Corsica,France,
Lower Saxony,Germany,
Amasya,Türkiye,
Nordland,Norway,
Torbay,United Kingdom,
Chile,Chile,
Mersin,Türkiye,
Biobío,Chile,
Iasi,Romania,
Perak,Malaysia,
Munster,Ireland,
Trabzon,Türkiye,
Southland,New Zealand,
Antwerp Province,Belgium,
Luton,United Kingdom,
South Lanarkshire,United Kingdom,
Burma,Myanmar,
Liverpool,United Kingdom,
Eskisehir,Türkiye,
Yasothon,Thailand,
Syria,Syrian Arab Republic,
New South Wales,Australia,
Navarra,Spain,
Ajaria,Georgia,
Telangana,India,
Khomas,Namibia,
Blackburn With Darwen,United Kingdom,
Tak,Thailand,
Panama,Panama,
Vietnam,Iran,
Prachin Buri,Thailand,
Calabria,Italy,
Pazardzhik,Bulgaria,
Queensland,Australia,
Chhattisgarh,India,
Nakhon Nayok,Thailand,
City Of Leicester,United Kingdom,
Mazowieckie,Poland,
Bulacan,Philippines,
Kolda,Senegal,
Neuchatel,Switzerland,
Fukushima,Japan,
Bursa,Türkiye,
Camden,United Kingdom,
Nakhon Phanom,Thailand,
West Coast,New Zealand,
Basel-city,Switzerland,
Sri Lanka,Sri Lanka,
Havering,United Kingdom,
Seville,Spain,
Samsun,Türkiye,
Galicia,Spain,
Ashanti,Ghana,
Nuevo Leon,Mexico,
Guerrero,Mexico,
Lucerne,Switzerland,
Nam Dinh,Iran,
London,United Kingdom,
Wakefield,United Kingdom,
Bucuresti,Romania,
North Maluku,Indonesia,
Ha Noi,Iran,
Grand Est,France,
Corsica,France,
Kano,Nigeria,
Rhone-alpes,France,
Lara,"Venezuela, Bolivarian Republic of",
Terengganu,Malaysia,
Swindon,United Kingdom,
France,France,
Hormozgan,Iran,
Cairo Governorate,Egypt,
Incheon,South Korea,
Isle Of Anglesey,United Kingdom,
Leicester,United Kingdom,
South Gloucestershire,United Kingdom,
Ulaanbaatar,Mongolia,
Philippines,Philippines,
Cornwall,United Kingdom,
Qom,Iran,
Mila,United States,
Niue,Hong Kong,
Thailand,Thailand,
Kampala,Uganda,
Briceni,Moldova,
Bangalore,India,
Act,Australia,
Zuid-holland,Netherlands,
Tawzar,Tunisia,
Uva,Sri Lanka,
More Og Romsdal,Norway,
Osaka,Japan,
Bender,Moldova,
Durham,United Kingdom,
Nitriansky,Slovakia,
Siliana,Tunisia,
Berlin,Germany,
Niue,New Zealand,
Kirklees,United Kingdom,
Manchester,United Kingdom,
Dumyat,Egypt,
Hong Kong SAR China,China,
Magallanes Y De La Antartica Chilena,Chile,
Stockport,United Kingdom,
Formerly Yugoslavia Region,Yugoslavia,
Opolskie,Poland,
Inverclyde,United Kingdom,
Bosnia And,Bosnia and Herzegovina,
Magdalena,Colombia,
Tocantins,Brazil,
Banska Bystrica,Slovakia,
The Former Yugoslav Republic Of Macedonia,North Macedonia,
Gwynedd,United Kingdom,
Botosani,Romania,
Ağrı,Türkiye,
Bắc Giang,Iran,
Northern District,Israel,
Kebili,Tunisia,
Aomori,Japan,
Korea,South Korea,
Utrecht,Netherlands,
Sofia,Bulgaria,
Alborz,Iran,
Quetzaltenango,Guatemala,
Dumfries And Galloway,United Kingdom,
Free State,South Africa,
Aydin,Türkiye,
Apulia,Italy,
Balikesir,Türkiye,
Central Sulawesi,Indonesia,
Cauca,Colombia,
Vaestra Goetaland,Sweden,
Mbeya,Tanzania,
Sachsen,Germany,
Central Java,Indonesia,
Tuyen Quang,Iran,
Gaziantep,Türkiye,
City And County Of Swansea,United Kingdom,
Thái Bình,Iran,
Yalova,Türkiye,
Liberia,Liberia,
Pernambuco,Brazil,
Midi-pyrenees,France,
Colombia,Colombia,
Marlborough,New Zealand,
Sacatepequez,Guatemala,
Northern Mindanao,Philippines,
Daman And Diu,India,
North Somerset,United Kingdom,
Portuguesa,"Venezuela, Bolivarian Republic of",
Sandwell,United Kingdom,
Loja,Ecuador,
City Of Westminster,United Kingdom,
Neamt,Romania,
Buskerud,Norway,
Mazandaran,Iran,
Satakunta,Finland,
Plovdiv,Bulgaria,
North Sumatra,Indonesia,
Zonguldak,Türkiye,
El Oued,Algeria,
Trafford,United Kingdom,
Guinea,Guinea,
Huila,Colombia,
Phangnga,Thailand,
Ticino,Switzerland,
Bechar,Algeria,
Isabela,Philippines,
Bratislavský,Slovakia,
Chongqing,China,
Trenčiansky,Slovakia,
Alagoas,Brazil,
Province Of Pampanga,Philippines,
Cheshire East,United Kingdom,
At Tafilah,Jordan,
Egypt,Egypt,
Sulawesi Utara,Indonesia,
Tlaxcala,Mexico,
Anambra,Nigeria,
Nomos Prevezis,Greece,
Ostfold,Norway,
Nueva Esparta,"Venezuela, Bolivarian Republic of",
North Rhine-westphalia,Germany,
United States,United States,
Trat,Thailand,
Honduras,Honduras,
Triesen,Liechtenstein,
Niue,Switzerland,
Barbados,Barbados,
Chechnya,Russian Federation,
Casanare,Colombia,
United States Virgin Islands,United States,
Jammu And Kashmir,India,
Wakayama,Japan,
Tameside,United Kingdom,
Bengkulu,Indonesia,
Piemonte,Italy,
Selangor,Malaysia,
Phra Nakhon Si Ayutthaya,Thailand,
Caraga,Philippines,
Vasternorrlands Lan,Sweden,
Zadarska,Croatia,
North Chungcheong,South Korea,
Stirling,United Kingdom,
Orange Free State,South Africa,
Alger,Algeria,
East Macedonia And Thrace,Greece,
St. Elizabeth,Jamaica,
Holy See,Holy See (Vatican City State),
Amur,Russian Federation,
Nigeria,Nigeria,
Grisons,Switzerland,
Pomerania,Poland,
Oulu,Finland,
Corum,Türkiye,
Quintana Roo,Mexico,
Brunei,Brunei,
Hedmark,Norway,
Mpumalanga,South Africa,
Al Minya,Egypt,
Western Isles,United Kingdom,
Vasterbottens Lan,Sweden,
Comunidad Valenciana,Spain,
Unknown states,Unknown,
Thessaloniki,Greece,
Salta,Argentina,
St. Kitts & Nevis,Saint Kitts and Nevis,
Vientiane Prefecture,Laos,
Acre,Brazil,
Denbighshire,United Kingdom,
Nelson,New Zealand,
Hordaland,Norway,
La Paz,Bolivia,
Bistriţa-năsăud,Romania,
Central Visayas,Philippines,
Jawa Barat,Indonesia,
Uusimaa,Finland,
Sakon Nakhon,Thailand,
Tabasco,Mexico,
Red Sea,Egypt,
Pichincha,Ecuador,
South Georgia And Sandwich Isl.,United Kingdom,
Świętokrzyskie,Poland,
El Bayadh,Algeria,
Huanuco,Peru,
Jersey,United Kingdom,
American Samoa,United States,
Eschen,Liechtenstein,
Kahramanmaras,Türkiye,
Nayarit,Mexico,
Kildare,Ireland,
Gilan,Iran,
Palau,Palau,
Roraima,Brazil,
Lubelskie,Poland,
Vojvodina,Serbia,
Balti,Moldova,
Puntarenas,Costa Rica,
Jijel,Algeria,
Busan,South Korea,
Kharkiv,Ukraine,
Tunis,Tunisia,
San Martin,Peru,
Seychelles,Seychelles,
Kalmar Lan,Sweden,
Enugu,Nigeria,
Champagne-ardenne,France,
Escuintla,Guatemala,
El-jadida,Morocco,
Zala,Hungary,
Côte d’Ivoire,Côte d'Ivoire,
Santa Fe,Argentina,
Neath Port Talbot,United Kingdom,
Roscommon,Ireland,
Csongrád,Hungary,
Italy,Italy,
Moquegua,Peru,
Ilfov,Romania,
Smolensk,Russian Federation,
Auvergne-rhône-alpes,France,
St. Vincent & Grenadines,Saint Vincent and the Grenadines,
Pleven,Bulgaria,
Chaouia-ouardigha,Morocco,
Nidwalden,Switzerland,
Delta,Nigeria,
Semnan,Iran,
Bracknell Forest,United Kingdom,
Baja California Sur,Mexico,
Ulster,United Kingdom,
Cyprus,Cyprus,
Saratov,Russian Federation,
Mymensingh Division,Bangladesh,
Colima,Mexico,
Cantemir,Moldova,
Basque Country,Spain,
Bouira,Algeria,
Zulia,"Venezuela, Bolivarian Republic of",
Västernorrland,Sweden,
Ecuador,Ecuador,
Suceava,Romania,
Kurgan,Russian Federation,
Provincie Overijssel,Netherlands,
Salzburg,Austria,
Kaluga,Russian Federation,
Sergipe,Brazil,
Balıkesir,Türkiye,
East Flanders Province,Belgium,
Malaga,Spain,
Torfaen County Borough,United Kingdom,
Mures,Romania,
Quindio,Colombia,
Milton Keynes,United Kingdom,
Tierra Del Fuego,Argentina,
Molise,Italy,
Tartumaa,Estonia,
West Bengal,India,
Bali,Indonesia,
Samut Prakan,Thailand,
Zhejiang,China,
Al Mahdiyah,Tunisia,
Manouba,Tunisia,
Fribourg,Switzerland,
Oxfordshire,United Kingdom,
Uppsala Lan,Sweden,
Monmouthshire,United Kingdom,
Ouargla,Algeria,
Sistan And Baluchestan,Iran,
Jawa Tengah,Indonesia,
Midlands,Ireland,
Tirol,Austria,
Dorset,United Kingdom,
Offaly,Ireland,
Bolivia (plurinational State Of),Bolivia,
Phatthalung,Thailand,
Nevis,Saint Kitts and Nevis,
Bourgogne-franche-comte,France,
Abruzzi,Italy,
Trinidad & Tobago,Trinidad and Tobago,
Marche,Italy,
San Jose,Costa Rica,
İzmir,Türkiye,
Santa Cruz,Bolivia,
Kon Tum,Indonesia,
Nong Khai,Thailand,
Sinaloa,Mexico,
Ukraine,Ukraine,
Duzce,Türkiye,
Monagas,"Venezuela, Bolivarian Republic of",
Vargas,"Venezuela, Bolivarian Republic of",
Baranya,Hungary,
Tigray,Ethiopia,
Central Africa Republic,Central African Republic,
Tajikistan,Tajikistan,
Siem Reap,Cambodia,
Vastmanlands Lan,Sweden,
Dadra And Nagar Haveli,India,
Muharraq,Bahrain,
Wolverhampton,United Kingdom,
Southern Savonia,Finland,
Chiriquí,Panama,
Afyonkarahisar,Türkiye,
Chumphon,Thailand,
Sara Buri,Thailand,
Maranhao,Brazil,
Salford,United Kingdom,
Nusa Tenggara Barat,Indonesia,
Madanīn,Tunisia,
Saitama,Japan,
Flemish Brabant Province,Belgium,
Mozambique,Mozambique,
Virgin Islands,United States,
Tanger-tetouan-al Hoceima,Morocco,
Cajamarca,Peru,
Dolj,Romania,
Cankiri,Türkiye,
Jaen,Spain,
Sud,France,
Province Of Laguna,Philippines,
Wicklow,Ireland,
New Providence,Bahamas,
Republic Of The Congo,Congo,
Hertford,United Kingdom,
Carmarthenshire,United Kingdom,
Mus,Türkiye,
Minsk,Belarus,
Fes-meknes,Morocco,
Democratic Republic Of Congo,"Congo, The Democratic Republic of the",
Anhui,China,
South Denmark,Denmark,
Sindh,Pakistan,
Bradford,United Kingdom,
Sliven,Bulgaria,
Derby,United Kingdom,
Nagasaki,Japan,
Udon Thani,Thailand,
Ialomiţa,Romania,
Ar Riyāḑ,Saudi Arabia,
Lambayeque,Peru,
Crete,Greece,
County Offaly,Ireland,
Al Gharbiyah,Egypt,
Buzau,Romania,
Central Serbia,Serbia,
Kerala,India,
Mayenne,France,
Maharashtra,India,
Aberdeenshire,United Kingdom,
West Flanders Province,Belgium,
Sicilia,Italy,
Walsall,United Kingdom,
Mostaganem,Algeria,
Mimaropa,Philippines,
Rabat-sale-zemmour-zaer,Morocco,
Tibet,China,
Louth,Ireland,
St. James,Jamaica,
Sucre,"Venezuela, Bolivarian Republic of",
Saxony-anhalt,Germany,
Los Lagos,Chile,
Giresun,Türkiye,
Sefton,United Kingdom,
Republic Of Moldova,Moldova,
Saint Gallen,Switzerland,
Leinster,Ireland,
Penza,Russian Federation,
Northern Ireland,United Kingdom,
Portsmouth,United Kingdom,
Guangxi,China,
Kerry,Ireland,
Phayao,Thailand,
Hokkaido,Japan,
Dudley,United Kingdom,
Kisumu,Kenya,
Falkirk,United Kingdom,
Yazd,Iran,
Jilin,China,
Telemark,Norway,
Sheffield,United Kingdom,
Hai Duong,Iran,
Flevoland,Netherlands,
North Western,Sri Lanka,
Saarland,Germany,
Ar Riyad,Saudi Arabia,
Georgia,United States,
Xinjiang,China,
Podkarpackie,Poland,
Angus,United Kingdom,
Derry,United Kingdom,
Salaj,Romania,
Cavan,Ireland,
Zanjan,Iran,
Chiapas,Mexico,
East Java,Indonesia,
St Ann,Jamaica,
Abruzzo,Italy,
Bavaria,Germany,
Kabarole,Uganda,
Nuevo León,Mexico,
Southern,Zambia,
Graubunden,Switzerland,
Jinja,Uganda,
Kastamonu,Türkiye,
Greenwich,United Kingdom,
Norrbotten,Sweden,
Syracuse,United States,
Western,Ghana,
Tucuman,Argentina,
Minsk City,Belarus,
County Donegal,Ireland,
Ishikawa,Japan,
Sumatera Selatan,Indonesia,
Campania,Italy,
Lusaka,Zambia,
Suhaj,Egypt,
Antalya,Türkiye,
Clackmannanshire,United Kingdom,
Tokushima,Japan,
Halland,Sweden,
Girona,Spain,
Rizal,Philippines,
Shandong,China,
Changwat Phangnga,Thailand,
Rondonia,Brazil,
Nottinghamshire,United Kingdom,
Lorestan,Iran,
Östergötland,Sweden,
Carlow,Ireland,
Kosice,Slovakia,
Andalucia,Spain,
Provincia Di Lucca,Italy,
St. Thomas,United States,
Gombe,Nigeria,
Enfield,United Kingdom,
Ho Chi Minh,Iran,
Brasov,Romania,
Rift Valley,Kenya,
Basel-stadt,Switzerland,
Calabarzon,Philippines,
Qinghai,China,
Malaysia,Malaysia,
Monaco,Monaco,
Luxembourg,Luxembourg,
Al Munastir,Tunisia,
Tūnis,Tunisia,
Cantabria,Spain,
Mid Ulster,United Kingdom,
Durango,Mexico,
Aydın,Türkiye,
Papua,Indonesia,
Skikda,Algeria,
Sankt Gallen,Switzerland,
Satun,Thailand,
Leicestershire,United Kingdom,
San Andres Y Providencia,Colombia,
Central Luzon,Philippines,
Catamarca,Argentina,
Batman,Türkiye,
Fiji Islands,Fiji,
Hefa,Israel,
Southampton,United Kingdom,
Liège Province,Belgium,
Morona-santiago,Ecuador,
Provincie Gelderland,Netherlands,
Coast,Kenya,
Singapore,Singapore,
Ile-de-france,France,
Gorj,Romania,
Soroti,Uganda,
San Luis Potosí,Mexico,
Akwa Ibom,Nigeria,
Ratchaburi,Thailand,
Kars,Türkiye,
Benue,Nigeria,
Türkiye,Türkiye,
Al Iskandariyah,Egypt,
Thanh Hoa,Iran,
Tasman,New Zealand,
Rajshahi Division,Bangladesh,
Worcestershire,United Kingdom,
Catalonia,Spain,
Melilla,Spain,
St. Lucia,Saint Lucia,
Boqueron,Paraguay,
Wrexham,United Kingdom,
Hyogo,Japan,
Basilicata,Italy,
West Sussex,United Kingdom,
St. Helens,United Kingdom,
Santiago Del Estero,Argentina,
Kutahya,Türkiye,
Luxembourg Province,Luxembourg,
Ilocos,Philippines,
Burdur,Türkiye,
Richmond Upon Thames,United Kingdom,
Podlaskie,Poland,
Bayern,Germany,
Iran,Iran,
Yobe,Nigeria,
Morelos,Mexico,
Southwark,United Kingdom,
Bolivar,"Venezuela, Bolivarian Republic of",
Ōsaka,Japan,
Belgorod,Russian Federation,
Nottingham,United Kingdom,
County Wexford,Ireland,
Limburg,Belgium,
Bahia,Brazil,
Oromiya,Ethiopia,
Vest-agder,Norway,
Kwara,Nigeria,
Zacatecas,Mexico,
Chittagong,Bangladesh,
Canary Islands,Spain,
Łódź Voivodeship,Poland,
East Lothian,United Kingdom,
Khon Kaen,Thailand,
Luhansk,Ukraine,
Meghalaya,India,
Wokingham,United Kingdom,
Guizhou,China,
Bujumbura Mairie,Burundi,
Hincesti,Moldova,
Novosibirsk,Russian Federation,
Yucatán,Mexico,
Zaghouan,Tunisia,
La Guajira,Colombia,
Los Rios,Chile,
Doncaster,United Kingdom,
Barnet,United Kingdom,
Biscay,Spain,
Maribor,Slovenia,
Perlis,Malaysia,
Hounslow,United Kingdom,
Kelantan,Malaysia,
Imbabura,Ecuador,
Finistère,France,
Constantine,Algeria,
Tekirdag,Türkiye,
Brighton And Hove,United Kingdom,
Thuringia,Germany,
Los Santos,Panama,
Silistra,Bulgaria,
Tebessa,Algeria,
Bilecik,Türkiye,
Fes-boulemane,Morocco,
West Sumatra,Indonesia,
Himachal Pradesh,India,
Mie,Japan,
Tasmania,Australia,
Wielkopolskie,Poland,
St.-petersburg,Russian Federation,
Royal Kensington And Chelsea,United Kingdom,
Northumberland,United Kingdom,
Redcar And Cleveland,United Kingdom,
Karaman,Türkiye,
Hiroshima,Japan,
La Pampa,Argentina,
Brest,Belarus,
Lorraine,France,
Rajshahi,Bangladesh,
Geneva,Switzerland,
Baja California,Mexico,
Quảng Nam,Iran,
Phuket,Thailand,
Diffa,Niger,
Varna,Bulgaria,
Larnaca,Cyprus,
Shropshire,United Kingdom,
Brittany,France,
Anzoategui,"Venezuela, Bolivarian Republic of",
Csongrad,Hungary,
Upper Austria,Austria,
Veliko Turnovo,Bulgaria,
Riga,Latvia,
Mashonaland East,Zimbabwe,
Ranong,Thailand,
Flintshire,United Kingdom,
Nicosia,Cyprus,
Eastern Visayas,Philippines,
Cardiff,United Kingdom,
Soccsksargen,Philippines,
North Karelia,Finland,
Tulcea,Romania,
Finland,Finland,
Khabarovsk,Russian Federation,
Mascara,Algeria,
Nan,Thailand,
Oppland,Norway,
Baden-wurttemberg,Germany,
Puglia,Italy,
Blekinge,Sweden,
Alta Verapaz,Guatemala,
Nakhon Ratchasima,Thailand,
Suffolk,United Kingdom,
Al Batinah,Oman,
Beau Vallon,Seychelles,
Aguascalientes,Mexico,
Soedermanland,Sweden,
Casablanca-settat,Morocco,
Medea,Algeria,
Päijänne Tavastia,Finland,
Balearic Islands,Spain,
Amhara,Ethiopia,
Veracruz-llave,Mexico,
Vaduz,Liechtenstein,
Stann Creek,Belize,
Chubut,Argentina,
Bacau,Romania,
Conwy,United Kingdom,
Al Qasim,Saudi Arabia,
Stockholms Lan,Sweden,
Peloponnese,Greece,
Antwerpen,Belgium,
Malta,Malta,
Cayman Islands,Cayman Islands,
Alto Paraná,Paraguay,
Edinburgh,United Kingdom,
East Timor,Timor-Leste,
Jawa Timur,Indonesia,
Bauchi,Nigeria,
Palestine,Palestine,
Tamanrasset,Algeria,
Puerto Rico,United States,
Ghardaia,Algeria,
Bohinj Commune,Slovenia,
Region Of Magallanes,Chile,
U.S. Virgin Islands,United States,
Tipaza,Algeria,
Nyeri,Kenya,
Dundee City,United Kingdom,
Macedonia,North Macedonia,
Saint Vincent And Grenadines,Saint Vincent and the Grenadines,
Vorarlberg,Austria,
Orkney Islands,United Kingdom,
Nairobi Area,Kenya,
Chelyabinsk,Russian Federation,
Andhra Pradesh,India,
Overijssel,Netherlands,
Santander,Spain,
Melaka,Malaysia,
Kayseri,Türkiye,
Zamboanga Peninsula,Philippines,
Lower Silesia,Poland,
Campeche,Mexico,
Osmaniye,Türkiye,
Thurrock,United Kingdom,
Aceh,Indonesia,
Kaliningrad,Russian Federation,
Gisborne,New Zealand,
Sarawak,Malaysia,
Harghita,Romania,
Surat Thani,Thailand,
Blaenau Gwent,United Kingdom,
Bizerte,Tunisia,
Quảng Trị,Iran,
Groningen,Netherlands,
Yerevan,Armenia,
Devon,United Kingdom,
Haifa,Israel,
Ucayali,Peru,
Grande Comore,Comoros,
Nordjylland,Denmark,
Glasgow City,United Kingdom,
Tolima,Colombia,
Diourbel,Senegal,
Guayas,Ecuador,
San Miguel,El Salvador,
Rio Grande Do Sul,Brazil,
Valparaiso,Chile,
Ehime,Japan,
Dhofar,Oman,
Novgorod,Russian Federation,
Nord-pas-de-calais,France,
Brent,United Kingdom,
Miyagi,Japan,
Maluku,Indonesia,
Wigan,United Kingdom,
Ibaraki,Japan,
Ceará,Brazil,
Reunion,Réunion,
Skåne,Sweden,
Meta,Colombia,
Araucanía,Chile,
Ruse,Bulgaria,
Jiangxi,China,
Samara,Russian Federation,
Okayama,Japan,
Espirito Santo,Brazil,
Imo,Nigeria,
Guarico,"Venezuela, Bolivarian Republic of",
Jambi,Indonesia,
Metro Manila,Philippines,
Konya,Türkiye,
Panamá Oeste,Panama,
Can Tho,Iran,
Saint Andrew,Jamaica,
Chiang Mai,Thailand,
Ariana,Tunisia,
Guangdong,China,
Omsk,Russian Federation,
Asturias,Spain,
Krung Thep,Thailand,
Sukhothai,Thailand,
Toscana,Italy,
Hammersmith And Fulham,United Kingdom,
Djibouti,Djibouti,
Daegu,South Korea,
Boyaca,Colombia,
Chiba,Japan,
Veracruz,Mexico,
Apurimac,Peru,
Bratislava,Slovakia,
Blagoevgrad,Bulgaria,
Piedmont,Italy,
Veneto,Italy,
Dalarna,Sweden,
Tissemsilt,Algeria,
Jalisco,Mexico,
Sabah,Malaysia,
Guanacaste,Costa Rica,
Tamaulipas,Mexico,
Bretagne,France,
Goa,India,
Tlemcen,Algeria,
Kanagawa,Japan,
Chihuahua,Mexico,
Newport,United Kingdom,
Middlesbrough,United Kingdom,
Antioquia,Colombia,
Tarapaca,Chile,
Guam,United States,
Southern Region,Malawi,
Sunderland,United Kingdom,
Yamaguchi,Japan,
Lampang,Thailand,
Quezon City,Philippines,
Hubei,China,
Dong Nai,Iran,
Jakarta,Indonesia,
Rio De Janeiro,Brazil,
Sharjah,United Arab Emirates,
Ljubljana,Slovenia,
Khulna,Bangladesh,
Ismailia,Egypt,
Nabeul,Tunisia,
Niigata,Japan,
Loreto,Peru,
Larisa,Greece,
Region Metropolitana,Chile,
Astana,Kazakhstan,
Manama,Bahrain,
Dhaka,Bangladesh,
Kayes,Mali,
Kingston Upon Thames,United Kingdom,
Puebla,Mexico,
Gifu,Japan,
Changwat Lop Buri,Thailand,
Cairo,Egypt,
Oita,Japan,
Kaolack,Senegal,
Tra Vinh,Iran,
Bahamas Gun Cay,Bahamas,
Lazio,Italy,
Vaud,Switzerland,
Ubon Ratchathani,Thailand,
Silesia,Poland,
Holguin,Cuba,
Laguna,Philippines,
Connaught,Ireland,
City Of Kingston Upon Hull,United Kingdom,
Krabi,Thailand,
Shizuoka,Japan,
Saida,Lebanon,
Entre Rios,Argentina,
Rio Grande Do Norte,Brazil,
Limpopo,South Africa,
Edirne,Türkiye,
Kuala Lumpur,Malaysia,
Shimane,Japan,
Cumbria,United Kingdom,
Mizoram,India,
Haryana,India,
La Rioja,Argentina,
Chandigarh,India,
San Salvador,El Salvador,
Blackpool,United Kingdom,
Solola,Guatemala,
Guatemala,Guatemala,
Gia Lai,Iran,
Grad Zagreb,Croatia,
Trinidad,Trinidad and Tobago,
Davao City,Philippines,
Taiwan,Taiwan,
Alicante,Spain,
Andalusia,Spain,
Lincolnshire,United Kingdom,
Tottori,Japan,
Yozgat,Türkiye,
Buckinghamshire,United Kingdom,
Santa Catarina,Brazil,
Newcastle Upon Tyne,United Kingdom,
St. Helena,Saint Helena,
Miyazaki,Japan,
Saint Martin,Saint Martin (French part),
Macao SAR China,China,
Bamako,Mali,
Yambol,Bulgaria,
Nakhon Sawan,Thailand,
Northamptonshire,United Kingdom,
Palestinian Territory,Palestine,
Sardinia,Italy,
Donetsk (Occupied Ukraine),Ukraine,
Beijing,China,
Asunción,Paraguay,
Penang,Malaysia,
Uruguay,Uruguay,
Dar Es Salaam,Tanzania,
Bromley,United Kingdom,
Zealand,Denmark,
Cambridgeshire,United Kingdom,
Shiga,Japan,
North Yorkshire,United Kingdom,
Concepcion,Chile,
Phetchabun,Thailand,
Volgograd,Russian Federation,
Kagawa,Japan,
Al Buhayrah,Egypt,
Anzoátegui,"Venezuela, Bolivarian Republic of",
Tiaret,Algeria,
Leeds,United Kingdom,
Birmingham,United Kingdom,
Stara Zagora,Bulgaria,
Presovsky,Slovakia,
Yaracuy,"Venezuela, Bolivarian Republic of",
Tel Aviv,Israel,
Sodermanlands Lan,Sweden,
Rajasthan,India,
Nusa Tenggara Timur,Indonesia,
Northland,New Zealand,
Republic Of Korea,South Korea,
Ain Defla,Algeria,
Lisburn And Castlereagh,United Kingdom,
Buriram,Thailand,
Botswana,Botswana,
Kemerovo,Russian Federation,
La Habana,Cuba,
Minas Gerais,Brazil,
Sisaket,Thailand,
Mexico City,Mexico,
Chiang Rai,Thailand,
Almeria,Spain,
Lima Region,Peru,
Castille-la Mancha,Spain,
Vas,Hungary,
Setif,Algeria,
Norte De Santander,Colombia,
Malatya,Türkiye,
Kazakhstan,Kazakhstan,
Kedah,Malaysia,
Paraíba,Brazil,
Chanthaburi,Thailand,
Uttarakhand,India,
Arequipa,Peru,
Merton,United Kingdom,
Al Aqabah,Jordan,
Rhondda Cynon Taf,United Kingdom,
Gauteng,South Africa,
Jakarta Raya,Indonesia,
Fukui,Japan,
Madhya Pradesh,India,
Junin,Peru,
Namur Province,Belgium,
Granada,Spain,
Navarre,Spain,
Kyiv City,Ukraine,
Panama Oeste,Panama,
Hertfordshire,United Kingdom,
Cork,Ireland,
Canterbury,New Zealand,
Voronezh,Russian Federation,
Sumatera Utara,Indonesia,
Bishkek,Kyrgyzstan,
Lao,Laos,
San Luis,Argentina,
Wien,Austria,
Manipur,India,
Kumamoto,Japan,
Jamtlands Lan,Sweden,
Antananarivo,Madagascar,
Coquimbo,Chile,
Dublin,Ireland,
Gorontalo,Indonesia,
Latium,Italy,
Perth And Kinross,United Kingdom,
Tacna,Peru,
Limerick,Ireland,
Labuan,Malaysia,
Kerman,Iran,
An Giang,Iran,
Alberta,Canada,
Saint Catherine,Jamaica,
Sousse,Tunisia,
Libreville,Gabon,
Rivers,Nigeria,
Galway,Ireland,
Skopje,North Macedonia,
Tirana,Albania,
Gafsa,Tunisia,
Vatican,Holy See (Vatican City State),
Odisha,India,
Bari,Italy,
Mazovia,Poland,
Baku,Azerbaijan,
Bremen,Germany,
Podgorica,Montenegro,
Nouakchott,Mauritania,
Gaborone,Botswana,
Honiara,Solomon Islands,
Roseau,Dominica,
Windhoek,Namibia,
Apia,Samoa,
Accra,Ghana,
Banjul,Gambia,
Doha,Qatar,
Port Louis,Mauritius,
Washington D.C.,United States,
Bridgetown,Barbados,
Basseterre,Saint Kitts and Nevis,
Palikir,Micronesia,
Port Vila,Vanuatu,
Canberra,Australia,
Castries,Saint Lucia,
Belmopan,Belize,
Ottawa,Canada,
Port of Spain,Trinidad and Tobago,
Majuro,Marshall Islands,
Moroni,Comoros,
Funafuti,Tuvalu,
Bogota,Colombia,
Caracas,"Venezuela, Bolivarian Republic of",
Brasilia,Brazil,
Guatemala City,Guatemala,
Asuncion,Paraguay,
Port-au-Prince,Haiti,
Quito,Ecuador,
Managua,Nicaragua,
Havana,Cuba,
Tegucigalpa,Honduras,
Nassau,Bahamas,
St. George's,Grenada,
Nuku'alofa,Tonga,
Naypyidaw,Myanmar,
Bandar Seri Begawan,Brunei,
Pyongyang,North Korea,
Tarawa,Kiribati,
Port Moresby,Papua New Guinea,
Noumea,New Caledonia,
New Delhi,India,
Vientiane,Laos,
Suva,Fiji,
Muscat,Oman,
Sana'a,Yemen,
Damascus,Syrian Arab Republic,
Zagreb,Croatia,
Belgrade,Serbia,
Dushanbe,Tajikistan,
Ashgabat,Turkmenistan,
Ankara,Türkiye,
Baghdad,Iraq,
Tashkent,Uzbekistan,
Kuwait City,Kuwait,
Athens,Greece,
Kabul,Afghanistan,
Islamabad,Pakistan,
Sarajevo,Bosnia and Herzegovina,
Chisinau,Moldova,
Paris,France,
Kyiv,Ukraine,
Tbilisi,Georgia,
Vilnius,Lithuania,
Prague,Czechia,
Reykjavik,Iceland,
Helsinki,Finland,
Lisbon,Portugal,
Tallinn,Estonia,
Samoa,United Arab Emirates,
Crimea (Occupied Ukraine),Ukraine,
Straseni,Moldova,
Nur-Sultan,Kazakhstan,
Al Janub,Iraq,
West Sulawesi,Indonesia,
Baki,Azerbaijan,
Ningxia,China,
Bayelsa,Nigeria,
Banskobystrický,Slovakia,
Pahang,Malaysia,
Micronesia,Micronesia,
Cape Verde,Cabo Verde,
Central District,Israel,
Maha Sarakham,Thailand,
Qina,Egypt,
Rukwa,Tanzania,
Neuquen,Argentina,
Kebbi,Nigeria,
Almaty Qalasy,Kazakhstan,
Tataouine,Tunisia,
Sogn Og Fjordane,Norway,
Oran,Algeria,
Ash Sharqiyah,Oman,
Orenburg,Russian Federation,
Kyyiv,Ukraine,
Redbridge,United Kingdom,
Dubasari,Moldova,
Mogilev,Belarus,
Olt,Romania,
Niger,Niger,
Matabeleland North,Zimbabwe,
Kilkenny,Ireland,
Hillingdon,United Kingdom,
Dakar,Senegal,
Extremadura,Spain,
Glarus,Switzerland,
Burgas,Bulgaria,
Tizi Ouzou,Algeria,
Kagoshima,Japan,
Victoria,Australia,
Queretaro,Mexico,
East Kalimantan,Indonesia,
Rostov,Russian Federation,
Akita,Japan,
Shanxi,China,
Kronobergs Lan,Sweden,
Herefordshire,United Kingdom,
West Kalimantan,Indonesia,
Malopolskie,Poland,
Shaanxi,China,
Windsor And Maidenhead,United Kingdom,
Yerushalayim,Israel,
Otjozondjupa,Namibia,
Laos,Laos,
Laayoune-sakia El Hamra,Morocco,
Hidalgo,Mexico,
Vratsa,Bulgaria,
Covasna,Romania,
Negeri Sembilan,Malaysia,
Kalasin,Thailand,
Jura,Switzerland,
Lublin,Poland,
Erzurum,Türkiye,
Northern Cape,South Africa,
Iwate,Japan,
Powys,United Kingdom,
Jharkhand,India,
Chon Buri,Thailand,
Hunan,China,
Karnataka,India,
Ad Daqahliyah,Egypt,
Drenthe,Netherlands,
Esmeraldas,Ecuador,
Chlef,Algeria,
Mae Hong Son,Thailand,
Krasnodar,Russian Federation,
Auvergne,France,
Piura,Peru,
Sidi Bel Abbes,Algeria,
Liaoning,China,
Phrae,Thailand,
Chernivtsi,Ukraine,
Dnipro,Ukraine,
County Mayo,Ireland,
Ialoveni,Moldova,
Tower Hamlets,United Kingdom,
Woqooyi Galbeed,Somalia,
Eastern Finland,Finland,
Nong Bua Lamphu,Thailand,
Los Lagos Region,Chile,
Atlántico Sur,Nicaragua,
Torfaen,United Kingdom,
Wallis & Futuna,Wallis and Futuna,
Shirak,Armenia,
Mugla,Türkiye,
Bulgan,Mongolia,
Western Australia,Australia,
Ben Arous,Tunisia,
Essex,United Kingdom,
Hamerkaz,Israel,
Pulau Pinang,Malaysia,
Burgenland,Austria,
Jiangsu,China,
Midtjylland,Denmark,
Bedford,United Kingdom,
Royal Kingston Upon Thames,United Kingdom,
Caquetá,Colombia,
Friuli Venezia Giulia,Italy,
South Sumatra,Indonesia,
Calderdale,United Kingdom,
Osun,Nigeria,
Sidi Bou Zid,Tunisia,
Elazig,Türkiye,
Nonthaburi,Thailand,
Troms,Norway,
Suchitepequez,Guatemala,
Kasserine,Tunisia,
Appenzell Ausserrhoden,Switzerland,
Paraiba,Brazil,
Departamento De Quetzaltenango,Guatemala,
Keryneia,Cyprus,
Copperbelt,Zambia,
West Berkshire,United Kingdom,
Derbyshire,United Kingdom,
Komarom-esztergom,Hungary,
Francisco Morazan,Honduras,
Carinthia,Austria,
South Sulawesi,Indonesia,
West Papua,Indonesia,
Para,Brazil,
Corrientes,Argentina,
Lapland,Finland,
Isparta,Türkiye,
Nizhegorod,Russian Federation,
Adiyaman,Türkiye,
Ad Dakhiliyah,Oman,
Kordestān,Iran,
Bio-bio,Chile,
Sikkim,India,
Vologda,Russian Federation,
Giurgiu,Romania,
Borough Of Bury,United Kingdom,
Lesser Poland Voivodeship,Poland,
Rochdale,United Kingdom,
Caerphilly,United Kingdom,
Bắc Kạn,Iran,
Falesti,Moldova,
Nouvelle-aquitaine,France,
Roi Et,Thailand,
Walloon Brabant Province,Belgium,
Littoral,Cameroon,
Maluku Utara,Indonesia,
Värmland,Sweden,
Teleorman,Romania,
Igdir,Türkiye,
Lombardia,Italy,
Draa-tafilalet,Morocco,
Bejaia,Algeria,
Chari-baguirmi,Chad,
Dac Lak,Iran,
Razavi Khorasan,Iran,
Brussels Capital,Belgium,
Khuzestan,Iran,
Jonkopings Lan,Sweden,
Ang Thong,Thailand,
Calarasi,Romania,
Marshall Islands,Marshall Islands,
Ba Ria-vung Tau,Iran,
Krasnoyarskiy,Russian Federation,
East Ayrshire,United Kingdom,
Banten,Indonesia,
Misiones,Argentina,
Nevsehir,Türkiye,
Limousin,France,
Sibiu,Romania,
Sicily,Italy,
Ancash,Peru,
Nariño,Colombia,
Borno,Nigeria,
Pirkanmaa,Finland,
North Korea,North Korea,
Central Finland,Finland,
Ealing,United Kingdom,
Subcarpathian Voivodeship,Poland,
Souss-massa,Morocco,
Al Qayrawan,Tunisia,
Oyo,Nigeria,
Puducherry,India,
Hakkâri,Türkiye,
Southern Finland,Finland,
County Westmeath,Ireland,
Capital,Malta,
Bayburt,Türkiye,
Kalimantan Timur,Indonesia,
Qazvin,Iran,
Sonora,Mexico,
Formosa,Argentina,
Vaesterbotten,Sweden,
Waikato,New Zealand,
Somerset,United Kingdom,
Equatorial Guinea,Equatorial Guinea,
Al Fujayrah,United Arab Emirates,
Mehedinţi,Romania,
East Riding Of Yorkshire,United Kingdom,
Schaan,Liechtenstein,
Al Mafraq,Jordan,
Bolu,Türkiye,
Bajah,Tunisia,
Lampung,Indonesia,
Chaco,Argentina,
Kochi,Japan,
Gloucestershire,United Kingdom,
County Sligo,Ireland,
Intibuca,Honduras,
Biskra,Algeria,
Apure,"Venezuela, Bolivarian Republic of",
Atlantico,Colombia,
Micronesia Federated States Of,Micronesia,
Cluj,Romania,
Murcia,Spain,
Novo Mesto,Slovenia,
Edo,Nigeria,
Île-de-france,France,
Mayo,Ireland,
Tuscany,Italy,
East Dunbartonshire,United Kingdom,
Aquitaine,France,
Lamphun,Thailand,
La Libertad,El Salvador,
Rutland,United Kingdom,
Alba,Romania,
Schaffhausen,Switzerland,
Paramaribo,Suriname,
Fujian,China,
Amazonas,"Venezuela, Bolivarian Republic of",
Laois,Ireland,
Timis,Romania,
Oldham,United Kingdom,
Adana,Türkiye,
Ardahan,Türkiye,
Schwyz,Switzerland,
Valle Del Cauca,Colombia,
Piaui,Brazil,
Michoacan,Mexico,
Attiki,Greece,
Sylhet,Bangladesh,
Meknes-tafilalet,Morocco,
Gabrovo,Bulgaria,
Thai Nguyen,Iran,
Sakha,Russian Federation,
Canakkale,Türkiye,
North East Lincolnshire,United Kingdom,
Risaralda,Colombia,
Ulsan,South Korea,
Gateshead,United Kingdom,
County Galway,Ireland,
Thimphu,Bhutan,
Reading,United Kingdom,
Baringo,Kenya,
Banaadir,Somalia,
Karelia,Russian Federation,
Corse,France,
Moyo,Uganda,
Schleswig-holstein,Germany,
Bolton,United Kingdom,
Zamfara,Nigeria,
Tula,Russian Federation,
Irkutsk,Russian Federation,
Skane Lan,Sweden,
West Nusa Tenggara,Indonesia,
Gansu,China,
Gelderland,Netherlands,
Paphos,Cyprus,
Jendouba,Tunisia,
Sivas,Türkiye,
Nograd,Hungary,
Sor-trondelag,Norway,
Kamphaeng Phet,Thailand,
Bacău,Romania,
Yucatan,Mexico,
Bac Ninh,Iran,
Liguria,Italy,
Rogaland,Norway,
Mashonaland West,Zimbabwe,
Wakiso,Uganda,
Cadiz,Spain,
Surin,Thailand,
Nara,Japan,
Armagh,United Kingdom,
Saint Petersburg City,Russian Federation,
County Tipperary,Ireland,
Kirov,Russian Federation,
Barinas,"Venezuela, Bolivarian Republic of",
Veszprem,Hungary,
Satu Mare,Romania,
Rayong,Thailand,
Bristol,United Kingdom,
Prahova,Romania,
Bridgend,United Kingdom,
Amapa,Brazil,
Rabat-salé-kénitra,Morocco,
Ahuachapan,El Salvador,
Northern Territory,Australia,
Northwest Territories,Canada,
Southern Ostrobothnia,Finland,
Ad Dawhah,Qatar,
Žilinský,Slovakia,
Nakhon Pathom,Thailand,
Uşak,Türkiye,
Ceredigion,United Kingdom,
Turks & Caicos Islands,Turks and Caicos Islands,
Sumatera Barat,Indonesia,
Rotherham,United Kingdom,
Nova Scotia,Canada,
Padua,Italy,
Bataan,Philippines,
Limassol,Cyprus,
Nicaragua,Nicaragua,
Mato Grosso Do Sul,Brazil,
Blida,Algeria,
Batna,Algeria,
Barking And Dagenham,United Kingdom,
Pattani,Thailand,
Centre,Cameroon,
Santiago Metropolitan,Chile,
Ica,Peru,
Friesland,Netherlands,
West Lothian,United Kingdom,
Pomorskie,Poland,
Aysen,Chile,
Corrèze,France,
Obwalden,Switzerland,
Valencia,Spain,
Halton,Canada,
Saxony,Germany,
Suphan Buri,Thailand,
Kirikkale,Türkiye,
Parana,Brazil,
Narino,Colombia,
Orebro Lan,Sweden,
Mecklenburg-vorpommern,Germany,
Kurdzhali,Bulgaria,
Shumen,Bulgaria,
Gwangju,South Korea,
Nunavut,Canada,
Cortes,Honduras,
South Kalimantan,Indonesia,
Atacama,Chile,
Midlothian,United Kingdom,
Renfrewshire,United Kingdom,
Erzincan,Türkiye,
Friuli-venezia Giulia,Italy,
West Java,Indonesia,
Long An,Iran,
Basra,Iraq,
Chachoengsao,Thailand,
Pais Vasco,Spain,
Antigua & Barbuda,Antigua and Barbuda,
Adis Abeba,Ethiopia,
Harare,Zimbabwe,
Tatarstan,Russian Federation,
Jujuy,Argentina,
Samut Sakhon,Thailand,
Wexford,Ireland,
Yala,Thailand,
East Azerbaijan,Iran,
Kirklareli,Türkiye,
Chiquimula,Guatemala,
Hòa Bình,Iran,
Ouest,Haiti,
Cheshire,United Kingdom,
Eastern Province,Saudi Arabia,
Staffordshire,United Kingdom,
São Tomé And Príncipe,São Tomé and Príncipe,
Kirsehir,Türkiye,
Tehrān,Iran,
Laghouat,Algeria,
Nagaland,India,
Orange Walk,Belize,
Sichuan,China,
Santa Cruz De Tenerife,Spain,
Harjumaa,Estonia,
Gotland,Sweden,
Tambovskaya Oblast,Russian Federation,
Miranda,"Venezuela, Bolivarian Republic of",
Michoacan De Ocampo,Mexico,
Lleida,Spain,
Cochabamba,Bolivia,
Goias,Brazil,
Namur,Belgium,
Bedfordshire,United Kingdom,
Yogyakarta,Indonesia,
Ras Al Khaimah,United Arab Emirates,
Tamil Nadu,India,
Cebu,Philippines,
Chaiyaphum,Thailand,
Harrow,United Kingdom,
Bay Of Plenty,New Zealand,
Iaşi,Romania,
Colon,Panama,
Gipuzkoa,Spain,
Queretaro De Arteaga,Mexico,
Bordj Bou Arreridj,Algeria,
Guanajuato,Mexico,
Siirt,Türkiye,
Poitou-charentes,France,
Kainuu,Finland,
Tozeur,Tunisia,
Prince Edward Island,Canada,
Luhansk (Occupied Ukraine),Ukraine,
Bournemouth,United Kingdom,
Al Jizah,Egypt,
Diyarbakir,Türkiye,
Pathum Thani,Thailand,
Putrajaya,Malaysia,
Narathiwat,Thailand,
Maine-et-loire,France,
Gaevleborg,Sweden,
El Kef,Tunisia,
Moray,United Kingdom,
Kepulauan Riau,Indonesia,
Kostroma,Russian Federation,
Altai,Russian Federation,
Estuaire,Gabon,
Kanchanaburi,Thailand,
Katsina,Nigeria,
Falkland Islands,Falkland Islands (Malvinas),
Donetsk,Ukraine,
Hallands Lan,Sweden,
Sudan,Sudan,
Riau Islands,Indonesia,
Annaba,Algeria,
Federal District,Brazil,
Wirral,United Kingdom,
Kalmar,Sweden,
Karabuk,Türkiye,
Greater Accra,Ghana,
Escaldes-engordany,Andorra,
Yukon,Canada,
Fejer,Hungary,
Swansea,United Kingdom,
East Renfrewshire,United Kingdom,
Vaslui,Romania,
County Wicklow,Ireland,
Maule,Chile,
Longford,Ireland,
Dodoma,Tanzania,
Hebei,China,
Trujillo,Peru,
Songkhla,Thailand,
Fukuoka,Japan,
Plymouth,United Kingdom,
Ceuta,Spain,
Hainaut Province,Belgium,
Slaskie,Poland,
Northern Marianas Islands,Northern Mariana Islands,
Barnsley,United Kingdom,
Zachodniopomorskie,Poland,
Aragua,"Venezuela, Bolivarian Republic of",
Arad,Romania,
Ayacucho,Peru,
Ostrobothnia,Finland,
Cordoba,Argentina,
Heves,Hungary,
Eastern Cape,South Africa,
Johor,Malaysia,
Dimashq,Syrian Arab Republic,
Daejeon,South Korea,
Sulawesi Selatan,Indonesia,
Manisa,Türkiye,
Coventry,United Kingdom,
Merida,Mexico,
Darlington,United Kingdom,
Kymenlaakso,Finland,
Tarlac,Philippines,
Tanger-tetouan,Morocco,
North Lanarkshire,United Kingdom,
Aosta Valley,Italy,
Kaduna,Nigeria,
Wiltshire,United Kingdom,
Solothurn,Switzerland,
Nigde,Türkiye,
Tripura,India,
Denizli,Türkiye,
Carabobo,"Venezuela, Bolivarian Republic of",
South Holland,Netherlands,
Trentino-alto Adige,Italy,
North Brabant,Netherlands,
Uppsala,Sweden,
Huehuetenango,Guatemala,
Northern Ostrobothnia,Finland,
Departamento De Zacapa,Guatemala,
Tipperary,Ireland,
Wallonia,Belgium,
Zeeland,Netherlands,
Kursk,Russian Federation,
Aragon,Spain,
Noord-holland,Netherlands,
Central Singapore,Singapore,
Oaxaca,Mexico,
Hessen,Germany,
Iran (islamic Republic Of),Iran,
Chuvashia,Russian Federation,
Sakarya,Türkiye,
Finland Proper,Finland,
Isle Of Wight,United Kingdom,
Mato Grosso,Brazil,
Gunma,Japan,
Scotland,United Kingdom,
Coquimbo Region,Chile,
Nct,India,
Venezuela,"Venezuela, Bolivarian Republic of",
Newham,United Kingdom,
Bourgogne,France,
Merthyr Tydfil County Borough,United Kingdom,
Causeway Coast And Glens,United Kingdom,
Cartago,Costa Rica,
São Tomé & Príncipe,São Tomé and Príncipe,
Andaman And Nicobar Islands,India,
Bartin,Türkiye,
Quảng Ninh,Iran,
County Durham,United Kingdom,
Samoa,Samoa,
Castilla Y Leon,Spain,
Warwickshire,United Kingdom,
Antofagasta,Chile,
Saragossa,Spain,
Arica Y Parinacota,Chile,
British Columbia,Canada,
Delta Amacuro,"Venezuela, Bolivarian Republic of",
Al Qahirah,Egypt,
Saint Helena,Saint Helena,
Yamanashi,Japan,
Vatican City,Holy See (Vatican City State),
Co Kerry,Ireland,
Bonaire,Netherlands,
Departamento De San Marcos,Guatemala,
Costa Rica,Costa Rica,
Punjab,India,
Tumbes,Peru,
Sofia-capital,Bulgaria,
Budapest,Hungary,
Prachuap Khiri Khan,Thailand,
Peterborough,Canada,
Armagh City Banbridge And Craigavon,United Kingdom,
Niamey,Niger,
Aksaray,Türkiye,
Al Wusta,Oman,
Blantyre,Malawi,
El Salvador,El Salvador,
Phetchaburi,Thailand,
Turkmenstan,Turkmenistan,
Guelma,Algeria,
Democratic Republic Of The Congo,"Congo, The Democratic Republic of the",
Galati,Romania,
Bihor,Romania,
Moldova,Moldova,
Ontario,Canada,
Samoa,Samoa,
Brisbane,Australia,
Adelaide,Australia,
Victoria,Canada,
Perth,Australia,
Darwin,Australia,
Melbourne,Australia,
Glasgow,United Kingdom,
Masterton,New Zealand,
Tauranga,New Zealand,
Invercargill,New Zealand,
Ashburton,New Zealand,
Tokoroa,New Zealand,
Hastings,New Zealand,
Napier,New Zealand,
Feilding,New Zealand,
Hamilton,New Zealand,
Rotorua,New Zealand,
Paraparaumu,New Zealand,
Whangarei,New Zealand,
Porirua,New Zealand,
Christchurch,New Zealand,
Blenheim,New Zealand,
Timaru,New Zealand,
Palmerston North,New Zealand,
Hobart,Australia,
Queenstown,New Zealand,
Whakatane,New Zealand,
Taupo,New Zealand,
New Plymouth,New Zealand,
Dunedin,New Zealand,
Rolleston,New Zealand,
Gore,New Zealand,
Oamaru,New Zealand,
Picton,New Zealand,
Kerikeri,New Zealand,
Wanaka,New Zealand,
Hokitika,New Zealand,
Cambridge,New Zealand,
Balclutha,New Zealand,
Kaitaia,New Zealand,
Greymouth,New Zealand,
Hanmer Springs,New Zealand,
Thames,New Zealand,
Paeroa,New Zealand,
Whitianga,New Zealand,
Arrowtown,New Zealand,
Waihi,New Zealand,
Motueka,New Zealand,
Warkworth,New Zealand,
Takaka,New Zealand,
Te Anau,New Zealand,
Waitara,New Zealand,
Kaikoura,New Zealand,
Akaroa,New Zealand,
Te Awamutu,New Zealand,
Raglan,New Zealand,
Westport,New Zealand,
Germany,Germany,
NB,Canada,
Haast,New Zealand,
Ohakune,New Zealand,
Kaikohe,New Zealand,
Mataura,New Zealand,
Tokaanu,New Zealand,
Virgin Islands,United Kingdom,
Ahipara,New Zealand,
Stewart Island,New Zealand,
Havelock,New Zealand,
Waitomo Caves,New Zealand,
Dargaville,New Zealand,
ONT,Canada,
Cote D'Ivoire,Côte d'Ivoire,
Turangi,New Zealand,
Coccs (Keeling) Islands,Australia,
Paihia,New Zealand,
Russell,New Zealand,
Coromandel,New Zealand,
Kawhia,New Zealand,
National Park,New Zealand,
QUE,Canada,
Opotiki,New Zealand,
Mangonui,New Zealand,
Congo,"Congo, The Democratic Republic of the",
Capital Region,Denmark,
Arkhangelskaya,Russian Federation,
Rheinland-Pfalz,Germany,
The Marches,Italy,
Gullbringusysla,Iceland,
United Arab Emirates,United Arab Emirates,
Serbia and Montenegro,Serbia and Montenegro,
New Brunswick,Canada,
Islas Baleares,Spain,
Hauts-de-France,France,
Czech Republic,Czechia,
Vaestmanland,Sweden,
Denmark,Denmark,
Baden-Wuerttemberg,Germany,
Bingol,Türkiye,
The Scottish Borders,United Kingdom,
Provincie Flevoland,Netherlands,
Western Finland,Finland,
Brussels Hoofdstedelijk Gewest,Belgium,
Brandenburg,Germany,
Noord-Brabant,Netherlands,
Umbria,Italy,
NS,Canada,
Derry City And Strabane,United Kingdom,
Normandy,France,
Hazafon,Israel,
Congo - Kinshasa,"Congo, The Democratic Republic of the",
Lancashire,United Kingdom,
Western Samoa,Samoa,
Pskov,Russian Federation,
Arunachal Pradesh,India,
Libyan Arab Jamahiriya,Libya,
Østfold,Norway,
Niedersachsen,Germany,
Kalimantan Tengah,Indonesia,
Japan,Japan,
European Union,European Union,
Northern Mariana Islands,United States,
Kenya,Kenya,
Departamento De Sacatepequez,Guatemala,
England,United Kingdom,
South Korea,South Korea,
Estonia,Estonia,
Hadarom,Israel,
Congo - Brazzaville,Congo,
Cheshire West And Chester,United Kingdom,
Greece,Greece,
Bolivia,Bolivia,
Virgin,United States,
Hainan,China,
Côte D’Ivoire,Côte d'Ivoire,
Marrakesh-Safi,Morocco,
North Holland,Netherlands,
Sachsen-Anhalt,Germany,
Eastern,Uganda,
Mid And East Antrim,United Kingdom,
Sakhalin,Russian Federation,
South East,United Kingdom,
Bakhtaran,Iran,
St. Pierre & Miquelon,France,
Somali,Somalia,
Lebanon,Lebanon,
Greater London,United Kingdom,
Benin,Benin,
Chisinau Municipality,Moldova,
Portugal,Portugal,
Pakistan,Pakistan,
Waterford,Ireland,
Greater Poland,Poland,
Bulgaria,Bulgaria,
Styria,Austria,
Haiti,Haiti,
Yugoslavia,Yugoslavia,
Ivory Coast,Côte d'Ivoire,
Emilia-Romagna,Italy,
Ceara,Brazil,
Distrito Federal,Mexico,
West-Vlaanderen,Belgium,
Kalimantan Barat,Indonesia,
Haute-Normandie,France,
Arges,Romania,
Norfolk,United Kingdom,
Cundinamarca,Colombia,
Henan,China,
Surrey,United Kingdom,
Central Bedfordshire,United Kingdom,
Norrbottens Lan,Sweden,
North Ayrshire,United Kingdom,
Medway,United Kingdom,
Hainaut,Belgium,
Pembrokeshire,United Kingdom,
Basilicate,Italy,
Aargau,Switzerland,
Saudi Arabia,Saudi Arabia,
Ourense,Spain,
Central Region,Ghana,
Alsace,France,
Coahuila De Zaragoza,Mexico,
Santa Barbara,United States,
Myanmar (Burma),Myanmar,
Singerei,Moldova,
Aichi,Japan,
Bryansk,Russian Federation,
Cagayan Valley,Philippines,
Mendoza,Argentina,
Western Visayas,Philippines,
Al Madinah,Saudi Arabia,
Phitsanulok,Thailand,
Croydon,United Kingdom,
Kingston Upon Hull,United Kingdom,
Hatay,Türkiye,
Fars,Iran,
Yamagata,Japan,
Alajuela,Costa Rica,
Grand Casablanca,Morocco,
Sverdlovsk,Russian Federation,
Bexley,United Kingdom,
Yunnan,China,
Drochia,Moldova,
Riau,Indonesia,
Mukdahan,Thailand,
Sint Maarten,Netherlands,
Kyustendil,Bulgaria,
Departamento De Baja Verapaz,Guatemala,
Otago,New Zealand,
South Tyneside,United Kingdom,
Lubuskie,Poland,
Northern Savo,Finland,
Swietokrzyskie,Poland,
Pest,Hungary,
East Sussex,United Kingdom,
Kocaeli,Türkiye,
Iraq,Iraq,
Heredia,Costa Rica,
Antrim And Newtownabbey,United Kingdom,
Canarias,Spain,
Bath And North East Somerset,United Kingdom,
South Karelia,Finland,
Cesar,Colombia,
Somogy,Hungary,
Ghana,Ghana,
Uttar Pradesh,India,
Vâlcea,Romania,
Rangpur Division,Bangladesh,
Argentina,Argentina,
Bern,Switzerland,
Meath,Ireland,
Southern Governorate,Bahrain,
Bashkortostan,Russian Federation,
Oruro,Bolivia,
Orhei,Moldova,
South Ayrshire,United Kingdom,
Sardegna,Italy,
Guelmim-Oued Noun,Morocco,
Aberdeen City,United Kingdom,
Macau,Macao,
Fermanagh And Omagh,United Kingdom,
Netherlands Antilles,Netherlands,
Azad Kashmir,Pakistan,
Vale Of Glamorgan,United Kingdom,
Fife,United Kingdom,
Constanța,Romania,
Assam,India,
Lower Austria,Austria,
Languedoc-Roussillon,France,
Bekes,Hungary,
Vladimir,Russian Federation,
United States Outlying Islands,United States,
Fermanagh,United Kingdom,
Braşov,Romania,
Tavastia Proper,Finland,
Westmeath,Ireland,
Bogota D.C.,Colombia,
Heilongjiang,China,
Bitlis,Türkiye,
North Tyneside,United Kingdom,
Toyama,Japan,
Tolna,Hungary,
Al Bahr Al Ahmar,Egypt,
Peru,Peru,
Mardin,Türkiye,
North-West,Nigeria,
Hesse,Germany,
Corozal,Belize,
Austria,Austria,
East Nusa Tenggara,Indonesia,
Kosovo,Kosovo,
Ostergotlands Lan,Sweden,
Bueng Kan,Thailand,
Sirnak,Türkiye,
Thurgau,Switzerland,
West Pomerania,Poland,
Sinop,Türkiye,
Aland,Finland,
Dobrich,Bulgaria,
Hamadan,Iran,
Argyll And Bute,United Kingdom,
Beyrouth,Lebanon,
Ards And North Down,United Kingdom,
Loei,Thailand,
Usak,Türkiye,
Departamento De Jutiapa,Guatemala,
Murmansk,Russian Federation,
Razgrad,Bulgaria,
Nordrhein-Westfalen,Germany,
Saraburi,Thailand,
Kauno Apskritis,Lithuania,
Okinawa,Japan,
Swaziland,Eswatini,
West Dunbartonshire,United Kingdom,
Oost-Vlaanderen,Belgium,
Oblast Veliko Tarnovo,Bulgaria,
Chai Nat,Thailand,
Taraclia,Moldova,
Caldas,Colombia,
Hà Nam,Iran,
Flanders,Belgium,
Markazi,Iran,
A Coruña,Spain,
Kagera,Tanzania,
South Australia,Australia,
Yoro,Honduras,
Volta,Ghana,
Svalbard And Jan Mayen Islands,Norway,
Sanliurfa,Türkiye,
Zug,Switzerland,
Slough,United Kingdom,
Barisāl,Bangladesh,
Piauí,Brazil,
Bihar,India,
Occitanie,France,
Syddanmark,Denmark,
North Central,Sri Lanka,
Orissa,India,
Switzerland,Switzerland,
Down,United Kingdom,
Tianjin,China,
Newfoundland And Labrador,Canada,
Kujawsko-Pomorskie,Poland,
Dalarnas Lan,Sweden,
National Capital Region,Philippines,
Sokoto,Nigeria,
Castille And León,Spain,
Maule Region,Chile,
Susah,Tunisia,
Cojedes,"Venezuela, Bolivarian Republic of",
Timiş,Romania,
Clare,Ireland,
Azerbaijan,Azerbaijan,
Central Macedonia,Greece,
Vastra Gotaland,Sweden,
Aisen Del General Carlos Ibanez Del Campo,Chile,
City Of London,United Kingdom,
Tinh Ha Tinh,Iran,
Kalimantan Selatan,Indonesia,
Lop Buri,Thailand,
Picardie,France,
Southeast Sulawesi,Indonesia,
Qatar,Qatar,
Hovedstaden,Denmark,
Nisporeni,Moldova,
Distrito Especial,Colombia,
Khyber Pakhtunkhwa,Pakistan,
Valais,Switzerland,
Central Ostrobothnia,Finland,
Paises Bajos (Reino De Los),Netherlands,
Netherlands,Netherlands,
Gharb-Chrarda-Beni Hssen,Morocco,
All Other Guadeloupe Ports,Guadeloupe,
Bălţi,Moldova,
Cote Divoire,Côte d'Ivoire,
Venezuela (Bolivarian Republic Of),"Venezuela, Bolivarian Republic of",
United Republic of Tanzania,Tanzania,
Global,Global,
Dolnoslaskie,Poland,
Brazil,Brazil,
BC,Canada,
Central,Uganda,
Franche-Comte,France,
Balzers,Liechtenstein,
Northern,Uganda,
North-West Frontier,Pakistan,
Rhondda Cynon Taff,United Kingdom,
Kronoberg,Sweden,
Warmia-Masuria,Poland,
Ondo,Nigeria,
Lao People's Democratic Republic,Laos,
Heard Island & Mcdonald Islands,Australia,
Geylegphug,Bhutan,
County Borough Of Bridgend,United Kingdom,
Heard Islands And Mcdonald Islands,Australia,
Trnavský,Slovakia,
Amnat Charoen,Thailand,
Central Kalimantan,Indonesia,
"Cote D""Ivoire",Côte d'Ivoire,
"Lao People""s Democratic Republic",Laos,
"Tanzania, United Republic Of",Tanzania,
"Korea, Republic Of",South Korea,
"Moldova, Republic Of",Moldova,
Venezuela (bolivarian Republic Of),"Venezuela, Bolivarian Republic of",
"Congo, Democratic Republic","Congo, The Democratic Republic of the",
"Iran, Islamic Republic Of",Iran,
Brunei Darussalam,Brunei,
"Virgin Islands,british","Virgin Islands, British",
Coccs(keeling) Islands,Cocos (Keeling) Islands,
"Micronesia, Federated States Of",Micronesia,
"Palestine, State Of",Palestine,
Baden-Württemberg,Germany,
Baden-württemberg Region,Germany,
"Palestinian Territory, Occupied",Palestine,